DataTimeStamp,sb-meter-11,sb-meter-12,sb-meter-13,sb-meter-21,sb-meter-22,sb-meter-31,sb-meter-32,sb-meter-33,yy-meter-10,yy-meter-11,yy-meter-12,yy-meter-13,yy-meter-14,yy-meter-15,yy-meter-16,yy-meter-17,yy-meter-18,yy-meter-19,yy-meter-20,yy-meter-21,yy-meter-22,yy-meter-23,yy-meter-24,yy-meter-25,yy-meter-26,yy-meter-27,yy-meter-28,yy-meter-29,yy-meter-30,yy-meter-34,yy-meter-35,yy-meter-36,yy-meter-37,yy-meter-38,yy-meter-39,yy-meter-4,yy-meter-40,yy-meter-41,yy-meter-42,yy-meter-43,yy-meter-44,yy-meter-45,yy-meter-46,yy-meter-47,yy-meter-5,yy-meter-6,yy-meter-62,yy-meter-63,yy-meter-64,yy-meter-65,yy-meter-66,yy-meter-67,yy-meter-68,yy-meter-69,yy-meter-7,yy-meter-70,yy-meter-71,yy-meter-72,yy-meter-73,yy-meter-74,yy-meter-75,yy-meter-76,yy-meter-77,yy-meter-78,yy-meter-79,yy-meter-8,yy-meter-80,yy-meter-81,yy-meter-83,yy-meter-84,yy-meter-86,yy-meter-9,yy-meter-C1,yy-meter-C10,yy-meter-C11,yy-meter-C2,yy-meter-C3,yy-meter-C4,yy-meter-C5,yy-meter-C6,yy-meter-C7,yy-meter-C8,yy-meter-C9
2025-09-01T00:00:00.000Z,55613.85786468601,10403.229411118173,1408.3709828625967,25489.00916057356,7717.751880961346,35226.03644959224,4188.533673354483,33301.25327829961,428.9442434459517,9621.581657258272,97378.13803406416,30560.531939711902,25188.242246532736,3334.3127277755816,19983.476482640017,18106.776824151453,19514.71892529841,4893.335024495502,16773.581615287203,56007.4000684368,38045.19740351718,13939.895446654355,2732.9315020431923,3579.7932461867867,243.39129638507637,1086.072070023098,647.3257115916183,-1772.5715029566609,737.9118384663838,13757.566656995104,865.2693237563318,26095.541706708005,15530.574330293985,10766.999881833333,11364.651225761887,432500.07314495376,12117.52737151111,189.65310975740874,-2314.2478896096527,24308.004018435106,46468.21110814814,73102.16469362666,2331.9054598833222,6373.249109706366,22367.014121728178,30404.689063061174,924.4194521610431,418.5623150414835,401.2052729297517,3508.2608956506,24101.22804321989,3957.644742282356,3477.603062828513,112.99139517316223,134492.84056356543,32881.33437264375,23082.217428825537,6517.486217888325,2563.4207305919513,18858.84165978936,22617.175070714464,6131.459957472892,-3228.8668450032183,12839.095369366514,2175.0678383465124,0,1634.2474882621548,3125.8454593571714,-44976.390989999985,-709.6678954897437,399.97772796206345,863.3837827777678,14597.342584052867,4516.9310839624695,5805.815114946094,14209.65594277507,9986.932374639113,5625.279461790001,1245.5509409333335,222.87589813666676,295.34897909166654,-752.2242765935127,3813.659745091859
2025-08-01T00:00:00.000Z,98073.23333333335,23148.499999999993,3438.3,20766.41666666667,4061.516666666667,92682.65,11672.9,87564.65000000001,1188.393427313611,22227.389507289092,211476.69002663097,56187.26317531132,49757.32115350437,6661.149585879444,47668.340029551575,39260.7855630258,48649.576557793655,12271.881355638889,41233.197776125286,103080.24631131538,95530.58168686807,34399.80093304267,6581.316533550728,7545.090164978786,4274.929370658336,2259.2261334201385,1890.6964132769444,-5146.225302217453,7258.467576848019,33775.968989566274,971.7641697930559,67235.49341022578,36318.189576794444,29050.465018333347,9639.343788648812,930737.8768713099,12982.964913347125,492.80451148065873,-9040.024979243353,56671.65050436859,106486.25096661977,152491.7206421514,6026.4525835577915,14856.302966125724,43664.44839755873,67913.60711966072,1514.4575804921392,1040.3059615261668,752.5523279997325,6517.820989747453,59651.172760033616,10165.701159873264,3008.1433621678925,238.89333652450446,289952.49368904764,80897.15974455337,54580.199708037784,17114.876506987035,7916.923017500371,50297.67547083521,6954.215188202597,4775.39489219394,-16411.532807494747,21822.70171735657,2059.586981360303,0,4583.047427927963,3350.966933333333,-123293.6971566666,-8987.549561890117,1116.2034902134924,2908.901724355754,33006.680772072905,5.516088535916737,13700.49620488888,33708.22085052778,26195.475635680003,14842.245750088767,3292.4806649826005,627.3581383375251,821.3547612958374,-4410.654351233591,-44261.50380510881
2025-07-01T00:00:00.000Z,99885.38333333333,23801.56666666667,3493.3166666666666,15001.016666666666,2397.7833333333333,90001.01666666666,11272.033333333335,85123.29999999999,1270.3945166666665,25149.709983333334,238536.3815333333,56572.909583333334,54110.68134999999,5373.40545,52176.361183333334,43745.22395,51098.53309999999,13946.713449999997,46473.97463333334,45146.61713333333,102799.73271666668,36702.20591666667,5641.514033333333,9818.018750000001,10307.639716666668,2150.8258000000005,2401.33965,-3310.104283333334,14217.723016666663,27704.468766666665,6159.2965,51337.57868333334,30833.506466666673,23177.866833333344,27091.972299999998,1019086.3992333334,24948.54143333334,280.56173333333334,-3456.5384,46846.34458333333,110779.38606666667,180907.9931666667,6611.877383333334,12172.803933333336,45072.41311666667,60804.26591666666,1355.8351500000003,1053.0186333333336,673.7832166666667,7019.950566666666,64901.693166666664,11775.736033333334,1595.023866666667,241.19973333333326,246980.69088333333,84691.88391666667,57744.260333333325,16668.79418333333,7473.455833333335,51884.43078333332,10385.121,5098.374566666666,-11249.951833333334,20794.71086666667,3431.9540666666667,82665.53828333334,5825.213966666666,3521.8731500000004,-128494.47874999991,-5350.763916666666,1217.9831000000001,2530.2057000000004,36576.097266666664,-743.1430833333336,12305.98445,39134.37831666666,25855.50818333333,12136.054466666668,2276.46425,713.5440333333335,874.5790000000001,6556.318516666665,-41532.92941666668
2025-06-01T00:00:00.000Z,155262.85000000003,27481.85,3790.9666666666662,45131.416666666664,21410.033333333333,97296.7,11802.383333333335,92279.58333333334,1226.9415833333333,22702.555750000003,268068.0595833333,75241.05215,62558.758216666676,8187.900933333333,48391.70968333334,45678.78408333334,45019.81538333333,12966.930233333333,42374.740600000005,17267.917383333333,108953.52046666667,36238.99154999999,6368.060166666666,8246.605916666667,9457.72435,2655.6126333333336,2591.5439166666665,-5721.782899999998,14848.834483333334,36268.48466666666,2387.951666666667,71182.19736666667,42375.91005,29729.899400000017,28857.88431666667,1111074.1082833332,35743.49483333333,388.8924333333333,-9239.310566666667,66924.92784999998,117243.49758333333,215935.4111833334,6920.109166666666,12952.83761666667,51794.1351,61408.82153333335,1003.8372500000003,1011.5744,781.8868166666666,7590.196116666668,70664.82170000001,13676.071533333334,4083.035483333335,271.7728333333334,222617.79283333334,86295.53309999999,59365.20128333333,18469.219583333328,9129.0905,47813.68616666666,64181.91261666666,6680.083433333334,-13677.508033333335,29195.312383333327,3567.556133333334,129270.89896666666,5297.6797,6890.626233333333,-115135.0429166666,-6816.477866666667,1184.4873166666666,2561.295683333333,38091.008483333324,1803.6114499999999,15729.466666666667,33260.61245,24622.177149999996,16415.714849999997,3528.915433333333,1242.190733333333,742.3856666666667,-6873.350166666666,19033.454416666675
2025-05-01T00:00:00.000Z,20849.3,3549.116666666666,549.8833333333333,7626.066666666667,3731.3833333333337,97304.65000000002,12271.433333333332,91984.83333333334,640.0672800081112,13464.588500705555,138783.61960233335,42563.77080117223,37010.12807898333,5545.669501173017,29589.095586742853,26546.46126276587,26385.434021817455,6894.912517363492,23341.281654866667,9922.683615153535,60473.158963287875,18261.302545193437,3713.179535995025,4051.676057330808,5548.952808063637,1617.9608884103784,1337.607441768485,-3413.698003767879,7941.132350839897,18439.881855575397,693.2180904499999,34520.04003416111,21880.67733620079,15417.721494500001,15657.527284437303,599274.1287061113,19606.207748208737,192.56469469416666,-5254.969831699747,35098.8398249846,53021.68411325505,87775.82726248993,3622.08093756351,5624.212334765404,25072.709625088886,37449.74053039445,312.5430389652247,415.21064245604805,386.55162912272465,4722.309552078863,39066.2215784202,7115.481506057322,3801.1710719390753,142.88818362064646,123067.43481505556,48060.67314629671,32518.782127326765,10455.555954685606,4850.5798658810845,23525.279197636362,46287.70162266667,3957.8392810156574,-6888.446217953384,14651.613841506061,1315.767048879091,61293.94888038889,2516.1264043584597,5215.608588333333,-55533.623796666645,-2355.5900549459593,624.7128064640476,1280.169208085,21836.040207324408,2623.3016085650856,4584.937957709303,18504.44991553117,14304.791808933633,12062.20160618671,2800.1213161339083,922.7127588084506,884.7091928207365,-3914.325710323228,29779.531616437176
2025-04-01T00:00:00.000Z,,,,,,65774.99410928602,10129.856411236713,61882.72798333782,1077.5441354670963,15978.600824944311,196011.25126904566,52119.177129080825,45653.94930250695,7762.189491257472,35056.59403587726,35652.572453773806,33087.91117314983,10942.766075255557,32666.91081286575,11441.457341588763,84006.5794094839,25383.0827921168,5975.684359422967,6223.611071174649,7401.790609858365,1748.3753080351707,1849.1594540727226,-4845.337383560715,10325.662851685398,29532.908209536705,1600.0715934114276,45499.56509404722,32355.402865957534,26013.31541150001,26726.596112052262,792354.7488229617,28385.489464118316,312.83611387531874,-10208.919060594382,51546.51130041798,83909.31481075815,152904.9952118019,6172.967015653026,9868.275905135519,29384.0312439998,44618.729401945755,1024.5158840709225,693.7471131746294,308.61891370701073,5656.090360946347,53615.80418571756,10863.956598776727,1669.6075101045576,194.0718956746654,164634.81399418716,70064.3836358166,49667.80592324576,12529.11262517351,8449.384756069465,37204.82859343989,66354.9560617508,4470.624081384956,-11355.484836583153,17090.706254095403,1719.0598521927063,77096.86872017443,4077.198324061059,5668.084524711602,-90243.94446333328,-4936.8951990314235,1044.6157679197688,2266.5761590758557,30001.038812656123,953.8095172535898,5283.736351343274,24239.561428914163,19283.970024460876,13234.067325210091,3508.006685981326,1075.3523826631213,963.213560290626,-1634.8300118271368,36977.56377228147
2025-03-01T00:00:00.000Z,100950.29999999999,17291.449999999997,3754.0333333333338,,,66205.91666666667,11441.533333333331,62102.03333333331,1301.9088999999997,14975.028549999999,203668.80005,54167.04015000001,46903.977133333334,8713.673733333331,36601.882450000005,36578.39978333333,30659.493466666663,13274.501316666669,33168.0248,11868.064866666666,89920.79091666666,26132.078799999996,6387.069933333332,6897.145983333331,8509.637933333333,1794.3799000000004,2212.842833333333,-5012.832833333333,12663.407733333333,33381.909816666666,2347.536666666666,63414.34205,33204.56041666667,30727.366850000017,24034.334183333336,830355.8150833333,25569.659566666665,366.34413333333333,-11738.630683333331,54548.55976666665,87302.70489999998,150167.83373333336,6926.271,11104.396983333332,26271.20945,50040.53650000001,925.4776166666668,898.7222833333333,295.6503166666667,6357.452683333335,56689.404616666674,12111.342616666669,1586.2423500000004,239.8255333333333,170940.8896833333,71371.72541666665,49746.54981666667,13324.277116666666,11151.313533333332,44332.157266666676,76355.64523333333,3325.30095,-13478.253766666667,14677.519266666666,1321.475816666666,87663.03055,4834.052083333332,4965.108166666667,-106324.8495833333,-5820.256450000001,1269.8625166666668,3063.19295,30223.8598,-881.1231166666666,5011.154549999999,22020.034500000005,21120.224450000005,13031.836716666667,3466.6745000000005,1208.6397,1158.9890666666668,-1532.2761166666664,44017.803483333344
2025-02-01T00:00:00.000Z,70935.96157975354,13187.968987764181,3560.956436158734,,,48506.81451360321,9284.34826350266,45329.58939835168,1033.7041053330688,10009.794995249571,132998.9553973095,31951.107396383602,30504.58186852328,5418.040437520437,26894.288761008273,26255.741884705618,18977.233239544636,10344.310067403672,25681.0214652125,7521.266566322302,64593.08503813146,19989.92675853742,4528.106262253269,6132.0801912221805,6711.452856321471,1311.1380895752293,1764.7778885429393,-2409.955593709515,9386.684123935884,25174.514148389877,4448.420344119247,40994.575214516924,23521.575341079893,24865.093332,21522.6911293586,572591.9200783168,19029.000965386374,312.896344008824,-6767.718554534103,38248.269609341805,56456.20267113483,93359.17859262526,3267.2927826827504,8372.407328252404,19691.65854468214,31811.59739021885,414.7449376273148,981.9956005014885,169.37624270820476,4502.876122684408,41054.77545736956,8168.436980030211,1067.3018885604613,200.18870369133333,125243.79709053042,43100.252486151534,28972.97207351357,8412.30795254688,8569.29167211548,40350.96566922696,44462.57953094062,2765.9164605213223,-9428.951148230046,10600.207465638083,1742.4278386272829,69375.0584958168,4428.651627012117,2475.4019617354497,-96338.42846999996,-3696.29765015687,999.4033392169973,2977.421226961157,22435.495511241046,-1285.265471835672,5355.790292106856,18020.92366575218,14655.262331988346,7764.857497549958,2153.5461845313744,767.8588720639999,488.4944114307426,3049.9719009896135,8536.93314248146
2025-01-01T00:00:00.000Z,69647.47681906508,13489.267133715104,3425.4560091459653,,,54214.471775498154,10255.355985045115,50641.861565800136,1280.4493203511906,9653.42367637202,157559.28685806552,32706.03619347917,33662.73816113988,5039.026058387201,30350.58133609325,29954.233468433853,21926.574162794637,10487.767597693715,30159.38887152222,8712.617169610188,76522.96411586876,22620.823304080164,5776.911232389177,6891.546637440327,8157.661781359636,1384.4733466237847,1923.3645879383635,-3131.243132570617,10374.694363485289,29471.387307546956,6092.07333888525,55639.82980061509,28862.21333097831,29819.388866000016,34304.115109473874,665137.9603557406,28397.340994866405,360.10436461777107,-8434.907441332114,45179.085532685334,67388.2183770559,122670.24882606398,3165.5813165215322,10901.202324972519,19537.789590774802,36192.47938987435,567.1206537537254,1207.1046822440876,214.15877385874393,5049.863835453095,48616.21811017939,10541.800933252918,723.2439628860656,229.89224704659964,145917.87872768522,49021.34741377468,33469.08265646393,8580.711354634244,11004.382046494982,48244.95515126766,39121.41956284267,2193.01932819374,-13142.418566192648,10435.186045410106,1400.0696258017556,91262.11774183865,5446.935633311308,1987.0766294055557,-117663.3616066666,-5606.333154190313,1220.6479765683198,3552.2748030279167,24897.332896797423,-3348.2531006721956,5966.794831243813,19163.48767889222,17377.475228202693,7110.198053597711,1997.5155015907433,785.7630873372754,421.9470442959527,5908.488885846511,-9666.087546916515
2024-12-01T00:00:00.000Z,103679.04999999997,17550.6,4279.366666666666,,,63719.21666666667,10863.916666666668,59713.38333333335,1342.2673741541284,13200.775796404208,197549.5401188341,50226.71312431245,43590.89193151518,8611.593683792024,32345.413730321518,33874.11728975883,27514.131354000467,11893.75693631679,33811.571855903334,9918.746365605666,86412.68053636205,25214.74653964098,5852.7025619348115,8195.382194426766,8066.163249435038,1650.751417273248,2035.4162240598118,-2734.2513925845205,11638.041863815666,31704.157705422458,7767.293283761616,60822.75749763759,32171.223263439726,6128.6767469999995,35231.26434338095,831866.7477537286,28971.09401006363,351.6013756348454,-4912.343407980297,49644.23739958164,83251.71439856531,164485.15827848806,3165.256579746874,11486.569176761019,25070.6714251379,46221.62191155501,654.7773022544224,1239.0152588559406,254.56195939049533,5885.259673900225,54916.54431656077,12346.014507724194,1475.0609684260296,253.47131855023423,166522.54516153818,58752.751250729,40056.568815657185,10707.895276323263,11603.127344491124,52439.00015787238,98898.05911975402,7562.377792884334,-8755.431051322219,20467.84948938943,3571.6335734591244,124193.04279818614,4875.250140716905,4997.091043916167,-25580.958702918324,-2525.3305100903362,1308.4058528625205,3605.6366953388274,27989.301004889734,2645.7415374737834,7714.157776053978,22207.838327511323,19126.9365896085,11604.630168378657,3009.214159492194,1444.1101582370407,1028.463698713997,6261.826400855075,46575.194754710385
2024-11-01T00:00:00.000Z,120394.89999999997,20896.950000000004,3906.5833333333344,,,75528.76666666666,11749.966666666667,71097.91666666667,1340.3461494713122,17328.607335939985,228359.3502140517,68415.7981540004,53065.315310631595,11485.307856236328,45901.01423123929,39346.39710857014,34946.15831057004,12346.101257956112,40481.8210661191,12553.733781732832,102145.2667812006,30328.27479272236,5821.7145000643195,8494.791968224326,10527.516820730205,9596.01701485821,2281.7121850170897,-2196.6244732542186,12259.21546146182,33308.35779789946,9132.66036931277,57724.75585284101,40624.2366404889,,42636.10669021098,1010802.303816828,37187.48276524562,355.56518181449957,-3743.0687227853223,59313.16134941558,98176.56026604859,188334.4050206755,4720.256445820992,11155.027091945196,34086.989733848575,60787.9846882823,383.89663139591573,1310.0790382496953,637.0319071971417,0,66344.45387666947,14620.087784437745,3592.2838686843534,255.1730391705369,201517.7571436743,71379.671350366,50470.31191440525,12638.726774703111,8852.33790245396,50754.93654709253,96189.1624394419,9717.832974727224,-7452.231504443398,26461.741496466093,4894.1175427058615,152603.58411973994,5915.4506780764095,6411.911014842958,,-1895.559575989737,1253.387830793489,3622.5605686738863,39348.547741376766,3803.601413631849,11137.203835658082,31630.090766002115,21178.759360303582,15852.56065054146,3554.7658831500426,1576.1360753000279,1063.5268929007332,5447.047866682008,45432.73788548233
2024-10-01T00:00:00.000Z,152247.4666666667,24722.383333333328,4167.750000000001,,,93509.1,12134.466666666667,88292.13333333332,1339.598878256242,23798.929129009608,260341.59446693445,78623.75957434552,63752.88863079549,11879.267447296652,55389.55260948625,46474.53388974077,43818.79695785058,13166.135316801008,51301.66379432769,15668.35804215429,114123.76993584023,36374.19823556865,6398.023573596883,8821.865818149423,10940.459724464108,11153.137318691919,2278.2779105455093,-2316.201348652761,14130.097596742646,37746.56848104621,17450.58827239109,73330.79641879005,45121.61446520947,,39273.94284124907,1168100.7728275543,37747.86420148208,373.7518699208078,-3921.421860882106,66406.04770696479,125051.69155542641,199670.67252090978,6660.382112727942,13545.899801854228,43374.68130863645,62209.74796523178,599.7009779467372,1228.5347815518398,1059.5377779478292,0.00003333333333333334,73696.04675578228,15610.03575658666,2568.2832163955854,259.01449763255994,233452.86492184896,76566.59385842324,52257.959874277665,14405.879278080043,6421.7173589841495,52774.33687536734,108055.7735772846,11701.093776025995,-7313.528253395141,31069.835630384787,6367.787577181941,180483.6484001129,6323.34349914711,8205.932121008449,,-930.5872629771909,1247.5045648610633,3445.2875666137115,46474.94006113327,5378.041280781884,11841.207469545063,41370.19257408917,24821.81890729545,23788.3185150357,4592.792994613541,2267.6204065972724,1704.0844618919584,1523.7213935736445,55287.41386748784
2024-09-01T00:00:00.000Z,166050.2036131517,28518.2681801649,3872.6980675177006,,,97917.82238664315,11777.371725285591,92648.5647657416,1183.0062640068977,23636.525514763176,256197.2932069909,93706.89573980353,67982.1396212248,11255.746743530783,56677.38815981842,49256.599223471974,45742.665895932405,12933.870639729108,47611.516311525236,17475.335582002233,115225.22592878221,36941.111924145494,5770.075836235051,8795.183200461386,10982.578399181342,11894.842706083395,2258.0545368891353,-4831.308157695449,15124.30728941222,36222.74786368373,5230.474192119654,68440.23552844433,48085.49067336566,1.4848333333333334,38499.1137061928,1178726.1963577562,41405.98017061247,349.95122633526086,-6003.403954441806,70415.10736230153,122963.57175461554,196701.15500391705,6203.223708363169,13939.324579068996,50920.62303534733,68650.5663978158,816.8021653414464,1082.9173158121466,1217.9453478977362,0,73752.7931170633,14936.208466999686,3796.4580633102646,269.99668356336196,234466.14445812008,75150.0827873545,50451.79658712532,15537.67962137442,6640.526448240392,50528.69137896265,92487.16869095284,11089.744901758759,-8828.607905687622,32450.517299956282,5976.9778576902145,157936.34938325337,5983.941260188157,9305.151166800006,,-2380.387893410026,1119.7037484930731,4196.038076181485,49258.89859626931,5105.693442311853,13158.045030855963,40923.24671267135,26539.625491948835,22567.988074882705,4676.760383723577,1776.4425294408263,1585.349329584237,-2906.3725837610014,41962.56288999322
2024-08-01T00:00:00.000Z,93359.64010413687,19090.37929800307,3481.5388138937446,,,93880.88790245775,12449.2075923866,88712.66513632433,1162.3250443405652,23638.724700950937,229149.164692777,57361.36094298346,57382.68171461699,7856.687857771073,48490.590565120154,43203.03743695128,42573.97476572772,13722.36966354597,45981.20599672331,16014.404318958746,113658.0160549682,38406.63833082347,6253.122748565378,7437.792976227943,11244.64500080824,10184.558822842533,6633.723679978446,-5780.376932885797,15819.022745365715,35886.04689025657,-4939.237003387987,72831.48620907273,47240.03994567887,,36255.943106691404,1053724.049160398,42684.87195436161,360.1907799893063,-10866.80964672526,69601.40057547692,102415.78975355174,165770.77430026105,6096.214002733713,14710.964958222754,45398.44647637274,67733.28145476789,2133.770038912911,1023.9632876882804,1316.3553148378073,370.8157666666667,74585.92158385055,15037.592826721797,3517.543772676185,280.5715060978258,229134.98926039817,75755.64104034618,51075.218175050875,16649.912212946176,6933.605413723813,50366.46203056586,14872.155427427822,4055.989857958421,-19266.745415243662,25005.129745838338,2006.6755436607748,139937.65117506028,6080.837640520701,4768.92684042912,,-9749.575110727546,1099.868106084433,7226.413793641717,39157.89516769587,-2044.5800342972288,15623.302308094204,39037.66518669904,23825.64803573217,11228.754507467967,2110.5238197583167,806.1692976402245,813.4386089414633,-6444.783941387194,-35535.11846106272
2024-07-01T00:00:00.000Z,147136.0196758646,27882.87146553686,3665.5549650846624,22806.55,1264.3333333333333,94387.27630850367,12414.046626498577,89194.95365300069,1091.693295722488,25834.908258686817,245058.67773150123,65571.08356475698,58830.78518247245,6742.69982761365,52201.59566935309,49989.626350599945,45802.5072063384,13361.164097390043,47655.15573266076,17721.20892495796,116836.97281608803,40033.885249738756,6594.254046281942,6931.781427600416,11394.309698781268,11734.106929796442,6690.095126378184,-6351.305484948521,15487.442174053122,42745.0832611243,2032.0133808872145,82781.34885728254,43877.62094924801,,33253.765983284524,1119215.260334859,42654.21196411121,368.75142238120355,-12506.802572716766,68401.45113856134,124614.94241640279,180526.8142516756,7652.377791629696,12274.553766391704,49536.265372992566,63314.751001831144,1067.018459146575,978.2173708041574,1441.0577012771496,7904.349962764979,76405.38204410851,15766.875039576133,1872.3353278729776,234.59502823728164,235044.69266650785,65951.88040576647,43881.59196210392,13581.681733298466,7799.878857937277,50472.35101284061,14627.160849526164,4251.328212335771,-18197.5515031219,27355.372241040008,3651.408106553957,154978.12376267725,6083.985530613688,4933.769240503634,24059.351381105185,-9224.907379106276,1069.6893056152373,5395.789757783483,42085.50485088203,-1876.2735465179933,17899.54818543077,39856.624942816416,24663.97116074823,12781.658512735183,2422.572855619491,834.6361147338172,1019.1832383176121,-9400.349250966688,-36460.65053684813
2024-06-01T00:00:00.000Z,204278.39999999997,33875.26666666667,3948.333333333333,138289.06666666665,32714.800000000003,101527.26666666666,12004.483333333332,96143.45000000003,1076.5658951115429,23015.82844929124,258569.00935246627,83904.6340503609,60022.649655813286,8931.709168279755,51206.356205570526,48960.64326401626,43479.4825253243,12424.319374951143,45879.15182505979,17996.781593368338,114773.34622496636,34082.799230220946,6018.617661256657,7369.226120659164,11057.715648016938,13097.60541868826,5895.998154412081,-5815.595056176761,15594.577602450123,37230.153626887884,2776.6266203870246,76589.16008254368,41154.72789760373,,30742.19918598151,1123190.8540111796,35853.30444942921,371.5543660564623,-10136.03882985067,63676.85175728564,121033.32743041341,205164.88403982882,8536.274039603848,12599.957922756623,45419.35011944978,65678.88922308123,2537.9599753622056,942.5723937362568,1068.648366533539,7696.391911711914,74155.03834796142,16489.197424085673,2394.4965662120767,242.72097068864716,224517.00374355365,64099.64340200627,43764.40261890685,12629.569267651206,6999.802004777806,49587.79424100926,88476.72619289473,9928.061120101684,-12227.823791654668,33470.91255469673,5611.373866994124,139344.81012776415,6213.260987754758,8472.173777008347,167286.50129077086,-4531.767509944771,1030.5395453763354,2665.4457874883788,41674.78676666948,3716.093546319379,16964.39323890373,38869.57047860069,24127.13609127943,18177.60392893424,4079.1037044746245,1208.041128625048,1246.7504189796653,-5112.3738133613,38891.200406118885
2024-05-01T00:00:00.000Z,214863.51193103622,35576.43588031871,4306.715457254091,45831.41736637121,11955.02371422882,96880.42454577163,12562.358927781796,91796.37766714257,1154.2936073417761,24023.16505979569,271001.606419379,97350.46497148476,67705.85961896033,11948.779280023704,52848.12346994989,49909.84081075153,45201.31860261385,13990.35875122037,48446.94631047628,17880.056295967202,118144.54816785349,35561.142503575036,6728.525020330505,8072.909925513845,10658.622938537932,14022.350323132161,6275.910582175375,-4415.310012161607,15893.340415057519,39706.40260880337,5279.591920242606,69079.4577464124,43716.15398717961,,36499.273089018825,1210254.4290265106,36668.30834497346,419.70841883727894,-7176.682877837077,65372.202393643005,120223.23315167837,217211.7363949707,9478.797518615349,12911.831355977718,50335.645293994756,71998.55718846236,573.4921709810048,1077.1597864683563,836.7819960961554,8344.410991704472,75932.34690222536,16910.404463033923,1404.1001832553472,237.26892904340133,234576.1844267484,73303.52664698464,50357.46823448445,13938.659461315778,6950.375659120431,52887.175482741506,108705.61727608238,14226.302407564077,-7946.1457557109325,55269.69934301723,5742.153849609536,155242.5153314438,7376.774532376321,9992.019629965178,202718.5021989185,-2776.486731024854,1122.9549689498026,3295.0750093676274,41565.50457624165,6849.6736934865985,35532.498745627214,41496.67276600703,25301.116445313513,20797.918983190953,5242.044996403083,1588.6199550390597,1589.2793128280805,-168.93241003294972,55817.535048706864
2024-04-01T00:00:00.000Z,190228.841434258,30722.902899581743,4112.554784063423,48988.07092510988,12238.46270066916,84746.29261459771,12276.343731924359,80190.98743993611,1038.7852154179093,19676.69459877553,235611.81956158511,76789.15459716637,55336.97393692262,9325.462035879662,45542.671346887764,44628.287723858935,36677.24691235252,12882.223588497756,41201.81928534624,15124.935833111496,106528.74043087795,32352.00873945842,5941.503050512349,7030.712676815958,9937.412256328538,11155.839977838346,5881.747261810153,-5202.884011319215,15122.588221220383,35259.71007223295,4317.5473920103805,69595.8951234838,35905.16031731084,,29247.96776006275,1022187.0082926017,30705.46666211077,376.2157064222336,-9473.855032993844,55944.08476744771,107134.45139145695,185620.91470594105,8767.838098425676,11396.289250677877,38957.63423834031,50327.35022133875,1377.447814276097,983.619378727392,807.6145630732835,6840.6682553998535,71249.38640187356,15589.732786315097,1343.3958917381972,241.31729318867747,206237.14177537028,73465.66619130468,53629.57984754671,12232.713693540476,7790.449703395901,48585.97755010489,87786.7551593592,11162.226470931135,-11951.983731132012,52508.06752288876,3964.8395205194684,132304.9612457265,7078.927249224154,7326.854752566159,145422.7295363892,-4294.2295688900385,1015.7631826028794,3320.061766004528,37787.64629194533,4083.5820396904946,37655.20047162202,33411.74251861778,19689.957774121933,16987.253749039228,4145.057136905218,1364.834163048928,1394.6233725385014,-1457.186890020059,39209.7015547106
2024-03-01T00:00:00.000Z,161436.28018479358,28328.940572767053,4400.437542191772,,,70439.44020925775,13507.791731377012,66427.24200314147,1129.7347707498286,13131.189388401503,199592.84829699746,62741.71140702404,44921.112658507904,9303.831966868043,37040.662912881846,36637.33579881838,24693.904293422853,12886.569431595086,32803.489332440615,11108.654315771306,90596.33330309135,28304.00077348612,6033.430119680904,6711.7131730776755,9296.479073312124,8253.090542870721,5661.5792595996,-4407.292142675449,14142.990628121677,32406.387446196422,3745.4563925516986,68169.5240375946,31033.98563777666,,33066.84873145864,862123.4242887428,31495.54480711599,369.37517656503695,-9642.748338591924,48847.16528151304,88042.51775474631,158041.4346735713,9460.771259438805,9742.397557306289,27018.286341061714,45621.37604841975,1179.7008786777255,1050.2024255630029,436.67857403763065,5948.544820842111,58833.9674986847,13760.387366683986,1462.6300945687526,184.1682068097451,173028.30989867487,64099.72924715317,47728.55512465278,11158.479466085979,8866.390818404698,49843.53284347837,94155.08187107355,7381.764329239873,-13517.591671216409,33492.124138148654,2500.827725434644,120634.19302263428,6963.703183926141,4944.7497230211375,119758.46178057996,-5368.02124440891,1102.0282474542512,2628.9904165967932,30688.661447986226,418.8259249357966,23138.119323360184,23936.873946191212,18002.51006725463,13013.673820541113,3517.6632627659787,1128.2049097417298,1090.9645269005446,1571.2694454621155,44313.86628410199
2024-02-01T00:00:00.000Z,120986.81666666665,23685.333333333332,3743.5333333333338,,,58412.16666666667,13060.316666666666,54826.683333333334,1170.7524085995801,8206.296086361968,157286.13799120273,41694.44128889399,34370.416302046106,6928.456459322082,28581.423439978094,31300.67106954454,16266.313022865266,10711.055231213277,29722.607224432617,8950.713499934216,82306.06018104967,23956.565855218683,5876.772449623645,5860.918786213577,9344.835656845651,6904.127336503723,5609.570937089998,-4815.431538227841,12031.022122086726,29099.18962285349,2839.6100483232653,69798.40673107105,25709.171571522405,,21694.543745149884,675145.292569236,22985.838469981132,369.36478626383536,-12077.995716938909,42397.22489394362,73711.37678019871,119843.96231371896,6858.121659150393,8791.502539687037,20286.071077410797,35085.299996848975,680.5167627232813,1139.003506380953,393.14464595810966,5237.723122367587,54471.24602386532,13037.774823020189,730.2360171341028,228.83381074053722,152492.2301753975,59132.28628832506,42931.73980989107,9463.558177974024,8575.110492278302,48903.41221601927,50019.44376370826,5284.246309934928,-17379.240444769603,23497.61921063219,908.5895878797123,84608.3000348349,6760.155215437077,3307.6483626292975,45829.61636256991,-8138.657902850726,1133.3341167154795,2564.3113076271034,26072.709805753828,-1475.5012037881063,16467.07962818352,21147.028568115707,14799.100706547844,9216.29836121594,2537.7251417281227,813.0215986072546,710.0725147024252,-1291.2907885720301,1114.0606029695052
2024-01-01T00:00:00.000Z,134723.3795564737,26030.496612196974,4422.269516702862,,,65113.81591936365,14151.24249766054,61279.326190564476,1273.1749666666663,11066.045514001173,175967.31642981587,34819.35988509076,39189.74393698011,7205.468357864372,31017.077929275656,33710.30919099323,20159.05395071657,12951.196780902814,30748.87407559553,9161.334584850596,89259.44564662497,25769.805786355002,6252.877032605366,6966.47089758297,10249.469723960525,7925.296409886509,6369.546129969108,-3792.868736704388,13540.052562709707,31696.604330561702,5668.724816891356,66353.22081588348,30312.537960383295,,31791.212858643514,762916.1614581187,27680.97520018284,384.6111531158795,-9325.173153393442,47309.59380669046,73615.06135504121,140740.02709739326,7817.766800885056,11538.043858346875,23840.42900989483,43184.76319874027,741.5296677227439,1270.4551603241937,364.00838532641586,5825.927271846249,58102.14784462687,13605.209681990571,870.5221646989924,238.84014234234357,164190.58740886708,61800.900100331266,44217.39445799933,10695.577649559082,9005.480956865315,52387.18287877438,55417.59599667122,5308.46414919425,-15159.40625148892,24898.465785793163,1757.121918533473,112693.82881068804,7026.552737010355,3730.5443194352742,61589.45287032104,-6554.057492050019,1259.5315166666664,2810.2149531981777,27888.202347799237,-1726.046585474749,17101.386467507586,21748.881470812183,17556.385943924604,8666.384672875312,2446.8629029702483,873.2901465272541,663.9225223971198,4115.595752731964,2967.1995247029827
2023-12-01T00:00:00.000Z,155624.96666666667,28816.933333333323,4527.966666666667,,,69578.45,11839.800000000003,65606.96666666666,1223.6874666666668,13982.20095,177818.52664999999,57821.60431666667,42854.661716666655,9442.42205,36205.90913333332,32375.104283333334,24835.544933333334,12176.286733333332,33443.04826666667,9326.267916666666,86738.0574,24504.390849999996,5618.210633333334,7537.046666666667,9396.767049999999,8221.012116666669,6180.346166666669,-2303.6198666666664,12980.998366666663,30767.493449999998,7932.1316166666675,59731.631383333326,33722.58076666666,2761.3426166666663,34065.559583333335,823515.7392833333,26627.798849999996,398.4170166666667,-4110.293850000001,48731.06646666668,79431.91541666666,140724.80299999996,6972.313899999999,9068.192916666667,25702.97768333333,42032.74145,788.9336,1199.8529333333333,334.9131166666666,5853.293866666667,55251.81085,13100.286199999999,1436.93865,224.00681666666665,165118.36981666667,62942.17798333335,45383.19238333335,12501.48588333333,6760.35425,49184.44356666667,85170.84676666668,11162.350399999998,-6621.231516666667,37186.574049999996,3740.8530166666665,135417.68793333333,6731.019616666666,5766.204183333333,134619.01889999997,-2373.987983333334,1196.0730666666668,2398.5254666666665,26610.97725,4439.475616666668,24622.425199999998,26945.084583333333,18446.285616666668,11572.926749999997,2972.109083333333,1261.8159333333329,1019.8546499999999,7572.83685,36132.42656666668
2023-11-01T00:00:00.000Z,177227.65,30560.83333333334,4283.799999999999,,,74915.75,8190.633333333334,70775.23333333332,1308.8245833333333,19496.474316666663,223755.8465166666,79633.98436666667,54519.30101666665,11018.471749999999,40544.350633333335,35986.325816666664,31817.028749999998,13376.665249999998,40301.37934999999,12196.106033333332,102246.19174999998,30329.08961666667,6622.864316666667,7781.235483333335,10048.901766666664,10224.199816666667,6570.894316666667,-3829.012016666666,15584.209783333336,32547.967216666668,6389.720649999999,72576.56545,36895.29341666668,34466.265250000004,34921.20913333333,1006785.6569500001,31498.18151666667,441.16181666666677,-6859.229333333334,55223.38265,97343.81586666667,179589.3176833333,8106.161866666665,11896.171766666666,34666.985766666665,56225.38741666666,1082.7814333333336,1213.3100333333334,682.2181166666668,6365.120416666666,65534.67363333334,14947.733866666666,2099.9427333333333,245.41671666666667,199262.2198166667,73460.08376666668,51789.89085,15022.54728333333,5901.656766666667,50919.75948333333,89135.10829999999,11702.069733333332,-9702.661849999999,47290.77118333333,4534.313266666667,150151.74311666665,7258.851133333334,7824.470016666667,143029.78796666668,-4188.011816666666,1249.9106666666667,2300.6573166666667,29626.163616666665,4445.2053000000005,32168.46231666667,34406.89731666666,21766.815416666665,14670.76256666667,3467.0884000000005,1443.2758666666666,1353.17215,3423.8766499999997,38240.046016666674
2023-10-01T00:00:00.000Z,197807.44999999995,34407.78333333333,4524.233333333333,,,87710.56666666668,8703.483333333335,82980.26666666665,1318.4592833333336,25713.352616666663,257712.7259,88568.82155000001,61183.371683333346,11665.193950000003,47801.15278333333,43989.93216666667,44429.02745,13588.105116666671,44144.32235,15153.6717,111599.6845,36667.079,6711.092299999999,9084.316983333332,11333.046450000002,12470.826366666666,6666.81065,-4118.407,17116.32931666667,34227.52125,7603.903933333332,76620.44201666668,46038.36779999999,34700.75605,37831.00671666666,1160012.319316667,33281.78566666667,450.25413333333324,-4201.39575,64824.46074999999,119354.99331666666,200270.24089999998,9911.218966666667,12376.432116666669,41865.21363333333,62253.190149999995,1273.3886833333338,1288.7618999999997,1183.9201,7495.3052,70321.19,15889.488116666666,3507.8039166666667,255.87013333333337,225168.74243333336,84628.38085,60845.25853333333,17112.434833333336,6860.63345,52995.01588333334,97841.9298,15128.455033333337,-7257.372133333334,66232.9142,6455.637883333335,177905.4126,7588.1712166666675,9494.27298333333,186386.2272,-2376.727666666666,1251.9265666666668,2017.1715499999996,36494.15446666667,7541.377983333332,47906.37468333333,37283.57891666667,25389.142416666666,21331.473016666667,4914.162533333333,2057.0633166666667,1761.3113166666665,4549.512366666666,44864.313633333324
2023-09-01T00:00:00.000Z,195085.50000000003,31755.71666666666,4369.683333333334,,,92554.73333333335,10223.933333333334,87697.91666666667,1231.9579666666664,27266.592083333333,255204.70298333335,87320.09441666669,58807.8606,10241.850616666668,52046.003699999994,47022.56466666668,49385.03725,13678.026483333331,41510.763249999996,16576.01928333333,113682.01580000001,39693.01493333334,6695.595766666666,8521.192133333332,11531.361016666664,13343.338099999999,6280.189766666666,-5152.1075,17976.285616666668,33412.23961666666,6212.788300000001,74682.53333333334,48361.98221666666,36190.427083333336,38345.350283333326,1165146.7924499998,35680.99880000001,497.57628333333327,-5155.128166666666,67902.95113333332,116354.95934999999,199924.92665000007,9162.105866666667,12876.865600000005,46587.09076666667,63533.54101666667,1759.1381000000001,1083.8804,1085.0447000000001,7554.028066666669,71678.89636666667,16232.35985,4666.120233333334,214.47464999999997,229549.97953333333,90323.26036666667,67288.34806666667,15833.451683333338,8511.55545,51553.69741666667,84634.17458333331,13034.160166666668,-8340.985483333334,63021.0392,6671.151483333334,172430.31871666663,6919.597683333334,8069.069416666666,159981.51835,-3086.43085,1165.0849666666668,1777.7274166666668,39468.35328333333,6114.201833333334,47990.37968333332,32999.133350000004,25770.76635,20059.74056666666,4502.002933333333,1762.9819333333335,1562.0225666666665,2664.9282,33080.10656666667
2023-08-01T00:00:00.000Z,141908.2333333333,30588.950000000004,4225.466666666666,,,95162.41666666666,15297.4,90087.01666666669,1175.8333166666669,27581.24396666667,235868.3494166667,35779.3397,49832.09393333333,6934.327566666668,52008.14318333335,46997.976733333344,51367.130033333335,14336.87738333333,40239.76458333334,15160.944349999996,113008.40031666665,39113.92133333333,6699.160999999998,7124.284516666667,11192.530216666666,11701.154399999998,5947.6883333333335,-5455.095116666667,16259.722633333333,32795.191516666666,6467.5775833333355,77310.5455,47132.61171666668,36566.27370000001,31975.899049999993,1045533.5069000002,33395.99431666668,498.8995333333333,-6587.326000000001,64971.333433333326,56793.082483333324,97817.59331666668,5489.1089999999995,8030.04825,46012.37001666665,55822.94914999999,765.5616666666666,357.7458833333333,415.66598333333343,6373.233266666667,74871.64498333333,17344.2906,3278.3366999999994,153.3145666666667,221725.06189999997,76305.67431666666,58093.91386666666,13686.32151666667,7213.765083333335,48309.882883333325,7302.703633333333,5363.425499999999,-12729.70965,38964.6714,4190.60765,156588.14634999994,6048.787266666668,5863.8850999999995,21883.14646666667,-7498.889166666667,1094.2271666666668,1860.7490833333334,41018.879400000005,-645.3008333333333,27806.667499999996,33583.18923333334,21049.556533333336,8898.967766666667,1838.2952666666667,770.1291666666667,408.5506833333334,-1230.8506166666673,-41267.49025
2023-07-01T00:00:00.000Z,141903.15,30244.633333333335,4092.666666666667,1278.2333333333333,116.9,99667.81666666667,12555.999999999998,94460.65000000004,1188.0552333333335,28777.073533333336,254349.0941833334,37195.453083333334,58232.58498333333,7402.178983333332,51988.313816666654,50245.90774999999,53972.03876666667,14780.45936666667,45948.066633333336,18483.915816666664,122670.43646666667,44349.15089999999,7711.325883333334,6835.411233333335,11219.182083333333,12336.497616666667,6018.581583333333,-6837.542266666667,17900.43878333333,33922.518566666666,3491.346883333333,87016.59381666666,51382.20506666667,36806.857599999996,36247.49286666666,1119103.6450833334,40755.98018333333,518.4531,-11536.930449999998,74719.80084999999,116218.9522,191464.02673333333,9789.898583333332,18966.89268333333,47449.58555000001,57526.27891666667,,,,7014.712283333332,82550.93156666668,18663.35333333334,1438.0006500000002,228.66053333333335,244197.25993333332,83104.69368333333,59185.91486666667,17516.952800000003,6355.496733333333,51533.767483333344,6100.48265,6971.721049999998,-12130.904099999996,45355.97541666666,4882.534699999999,161465.99395,6862.994866666666,10452.8889,12787.536666666667,-1912.3871166666665,1112.1359,2169.576066666667,43231.3871,109.2703666666665,34903.83491666667,39592.45148333334,21456.330716666664,9332.367683333336,2058.5049166666663,764.4511000000002,665.4186500000002,-4505.88726666667,-45429.25246666666
2023-06-01T00:00:00.000Z,196240.98333333337,33499.05,4141.5666666666675,,,99286.78333333335,8765.866666666669,94135.28333333333,1026.28885,23513.552633333336,231853.36675,38430.586316666675,52463.532483333336,7634.207983333334,45982.93998333332,45719.0286,43055.095183333324,12035.373316666668,40441.8137,16988.422716666664,102289.19798333335,34508.60855,6491.416450000001,6670.929333333334,9308.739816666668,11959.790683333335,5400.083483333334,-5559.6390833333335,16431.90608333333,30161.724049999997,3840.5232166666674,75617.82759999999,42931.08803333333,32125.092799999995,33992.799816666666,1003452.8752333334,35423.95981666667,394.5165666666667,-8322.112166666668,61988.88061666666,102802.55636666666,180279.62273333335,7617.1619500000015,16258.256949999997,44620.414633333334,50510.827000000005,,,,7016.444316666666,67534.56611666665,15543.423733333333,2054.82135,220.96793333333335,207557.78703333333,74556.86023333333,51490.763766666656,16225.262233333335,5229.755666666667,45705.35666666667,55271.56513333332,9696.184316666666,-11060.304783333333,46581.5461,6466.033266666666,149813.05375,6325.116033333333,11170.888450000002,112525.74823333332,,972.2642833333332,1585.028983333333,38703.218733333335,3371.771100000001,30296.643350000002,35214.60543333334,19219.911500000002,13706.093500000004,3029.904033333334,970.9677,768.4895,-1432.3256333333334,9567.966466666665
2023-05-01T00:00:00.000Z,228717.4833333333,36174.700000000004,4511.083333333333,,,95121.41666666667,8801.300000000001,90063.29999999997,1256.89115,25500.5564,262250.4608333333,46348.19756666667,60624.1669,11349.16565,52445.052516666656,49530.63733333335,44020.21021666667,13643.51808333333,44726.78008333334,17664.299433333334,113830.60233333331,36626.04856666666,7158.693916666666,7302.823683333332,10088.80158333333,13619.655949999998,6426.766866666667,-6258.883266666667,17243.066716666668,33400.411,3980.8794333333326,78436.40466666667,47770.18445,40527.72235,37262.05098333333,1130231.1743499998,37277.61581666668,423.39931666666666,-8374.444166666668,67629.56421666668,112428.08659999998,212553.15058333334,8513.037599999998,14348.675616666664,44033.72451666667,62570.63391666667,,,,9342.921500000002,75120.59476666665,17564.735783333334,1846.0363500000003,241.87455000000006,227464.7238166667,81050.05168333335,52052.64971666668,19320.23361666667,6924.721033333333,50383.04141666667,102499.64039999999,12638.562333333331,-9139.080216666667,56399.08811666667,6485.987983333333,171345.89068333327,7008.361933333334,12037.472483333331,181764.02963333332,,1214.2914833333334,2275.4390333333336,40187.6822,5630.1821,33391.91298333333,37800.28416666666,21145.2343,17888.8261,4167.990483333333,1532.384183333333,1285.62845,-15.124383333333299,52124.75674999999
2023-04-01T00:00:00.000Z,173571.11666666664,28503.28333333333,3996.8166666666675,8068.616666666667,1062.5833333333335,72349.7,9925.66666666667,68282.35,1292.751616666667,19874.782483333332,204953.13051666663,46884.17195000001,46957.11673333334,9500.9111,42692.8161,39458.20960000001,33485.74778333333,12536.0793,37687.82303333334,13254.024616666664,102903.68849999999,30326.46953333333,6723.280249999999,7300.296633333334,10012.106749999997,9826.105016666666,5656.224966666668,-6189.021516666666,14686.594400000002,31285.035766666668,2714.0163666666663,71320.41748333332,39920.721800000014,36701.99336666667,31165.73936666667,898774.8175666665,32267.300133333338,404.40746666666666,-11138.851883333335,56918.01593333334,88589.32269999999,162124.04481666666,7762.739433333334,13223.680783333331,28208.521566666663,43745.21643333333,,,,6901.782566666668,68383.86610000001,16268.686633333331,845.5586666666669,223.4099833333333,194823.67403333334,74638.18231666667,49847.25693333333,17378.509766666666,8137.069166666666,50028.6858,80098.75266666667,8934.254416666665,-14597.317183333334,38121.63093333334,2963.9013833333333,129254.21978333333,6990.531099999999,7061.440700000001,103422.77210000002,,1233.02255,2141.5325000000003,32556.614050000004,1913.7173833333334,22954.841099999998,29551.5072,18255.023966666668,12602.968900000002,2879.5688499999997,1096.9949000000001,914.3389500000004,-1100.6316499999996,30082.148950000006
2023-03-01T00:00:00.000Z,174757.03333333333,28935.90000000001,4336.549999999999,27262.450000000004,5627.683333333333,65571.73333333334,9036.866666666665,61745.03333333333,1230.5645333333332,17421.225,205076.02283333335,67353.73446666668,46410.535233333336,10245.574266666667,38838.65891666668,36900.45191666666,26980.22756666666,14216.274450000003,34682.26096666666,11646.446333333333,101157.77836666667,29933.67023333334,6684.678683333334,6950.0333833333325,9602.260816666667,9870.133399999999,6210.087900000002,-6789.478183333334,14943.57435,32213.135400000003,1138.9082666666668,67845.19873333332,36271.971733333325,33725.1419,27611.94315,878107.5838333333,30726.60356666666,392.2054833333334,-13568.486849999998,55539.41416666666,88433.63355000001,160727.94418333334,8147.765199999999,14631.86103333333,26143.833183333332,41819.764566666665,23.956799999999998,79.34573333333333,13.838000000000001,6620.363816666667,67036.31086666667,15948.192049999998,1024.19515,247.16033333333337,187336.8429833334,64680.68283333333,42248.064483333335,15365.20805,8854.275933333332,51910.14811666668,96149.15386666667,9280.437950000003,-15109.896299999997,32874.710300000006,2420.326266666667,106657.76356666668,7221.844766666667,6444.950266666666,112925.8313,,1171.0471166666666,2769.673683333333,30280.149683333337,2058.530983333333,19404.399100000002,25827.7992,18172.90118333333,13232.345383333331,3529.890366666667,1277.2859166666667,897.64795,-3114.259400000001,44236.98578333334
2023-02-01T00:00:00.000Z,124223.98333333334,23500.650000000005,3620.616666666667,39281.99999999999,7541.966666666668,54092.866666666676,3733.383333333333,50804.00000000001,1129.3954666666664,13612.584483333332,158508.5942833333,39311.801900000006,33756.330733333336,7644.4446499999995,29515.571250000005,29767.14218333334,22728.11826666667,11978.565616666669,29121.007049999997,8928.202583333335,83469.5192,23548.66715,5974.72625,5792.29715,8371.489499999998,7842.827316666666,5650.2788,-5159.805933333331,12582.676816666668,29559.157716666672,3351.524483333333,62888.235866666684,31685.888900000005,22671.174333333336,23409.49293333333,692345.4627000001,23238.869783333335,352.58133333333336,-10257.019866666667,46052.7158,74376.62115,115468.07293333336,6251.22275,13746.150450000001,21228.519099999998,33341.865549999995,297.3414,639.9268833333335,110.96901666666669,5317.45335,54451.69708333333,12985.816066666664,1017.9967666666669,220.66223333333335,152874.6243333334,47533.14745,30818.579999999998,11217.340783333333,8329.055049999999,47272.38846666668,53875.19996666667,5871.328083333334,-13070.147966666667,20242.263,2043.12295,94883.28715000002,6682.800399999999,3771.726566666667,55460.821816666656,,1082.11725,2266.9288999999994,24450.51943333333,-811.4272333333334,12240.321650000004,20792.717483333334,16035.708233333333,9284.318399999996,2630.6029,934.6870999999999,578.0270666666668,170.85199999999975,6601.817866666668
2023-01-01T00:00:00.000Z,133352.44999999998,25263.183333333334,3821.7666666666664,10228.816666666668,2574.95,54550.216666666674,2301.8833333333328,51084.11666666667,1353.4452166666665,12250.59705,156933.5202,34395.4242,37100.164000000004,5743.40975,28678.161566666666,31491.003566666666,21971.112549999998,11105.786783333335,27003.509283333333,8843.942633333334,88527.58483333334,23636.293700000006,6646.701116666666,6606.8170666666665,9269.889066666667,8244.527233333334,6164.957033333332,-5119.369199999999,12473.285766666666,31610.11396666667,5385.6497,66346.3453,31669.935100000002,25776.422566666664,20178.22963333334,698473.6387499999,24359.0757,385.4416333333333,-10295.517233333334,45088.46588333334,69707.00958333335,118812.6763,6115.608966666664,13093.006333333335,19896.19103333333,36391.84775,125.71228333333333,549.49945,119.11525,5383.534433333332,58420.47143333331,13775.969783333332,581.9526666666668,197.4646833333333,156483.53541666665,56393.02223333333,39998.15484999999,11677.941616666667,11220.701866666666,52280.84588333333,50594.4057,5871.0139500000005,-13144.93735,21580.797533333323,2203.1119333333327,102035.23183333335,7368.522416666667,3551.5811,54281.024150000005,,1286.1475833333336,2262.570016666666,26107.54155,-1499.293266666667,13653.5806,15719.119566666668,16349.172516666666,8908.902716666666,2318.163449999999,896.5422666666667,561.8800999999999,-4180.449883333332,-1695.8113499999963
2022-12-01T00:00:00.000Z,158852.65000000005,29926.433333333334,4548.449999999999,,,64988.466666666674,2454.4666666666667,61176,1422.4426,16955.475633333335,192829.29198333327,52269.49221666667,46139.32771666666,9648.60378333333,35599.68090000001,35044.20081666667,27235.886566666675,13080.206016666669,33004.46633333334,11032.642583333332,95825.20445000002,27201.157483333332,7108.9667833333315,7369.704833333334,9178.489533333332,10778.271916666665,6189.906283333334,-180.46699999999984,14571.25588333333,33514.81356666667,6774.40775,71039.24638333335,38824.8833,30052.850716666664,17762.693266666665,875409.8502166666,25215.80283333333,385.9131166666667,-6823.275499999999,54086.61848333333,87639.14998333335,148053.5152833333,6449.392616666667,13507.924666666668,27387.288449999993,49706.308000000005,214.65060000000005,586.6376499999999,174.51469999999998,6458.446050000001,62695.395799999984,14171.667766666666,812.7097833333335,219.89679999999998,178367.82095000002,69931.06125,47645.63853333333,16343.282999999998,10873.042633333333,53030.94571666666,89227.90683333333,9956.806483333334,-9356.673166666667,31605.83028333334,3822.207583333334,139602.92620000002,7398.332449999999,6294.429916666668,125379.41111666666,,1368.2279833333332,2594.7547166666673,28585.78355,2558.91965,17489.541416666667,22131.438999999995,18960.146916666665,12336.626283333333,2960.586983333334,1403.0174666666667,855.1295166666669,-7453.6471666666675,36198.19043333333
2022-11-01T00:00:00.000Z,188870.16666666666,33340.01666666667,4356.6,40230.88333333333,9741.150000000001,81222.36666666665,2608.533333333333,76782.23333333334,1319.4732166666665,21340.7285,227403.84946666664,77873.27038333335,51976.32526666667,9866.657816666668,44752.880450000004,39530.685366666665,35460.164633333334,12761.5293,38959.15843333333,13374.307633333332,102346.62205000002,31713.558683333333,7081.17635,7857.501549999999,8970.117016666667,11836.393316666668,5992.966283333333,2741.520533333333,15431.594216666668,32749.97998333333,7149.2909500000005,69084.10008333334,44655.08648333333,32105.53135,26119.324116666667,1039817.0199166664,28101.75336666667,366.4900833333333,-4993.326349999999,60639.40218333334,101721.34988333334,177496.05930000002,7497.656266666668,12978.85795,38843.479283333334,66737.19591666665,151.02571666666663,121.05066666666666,53.164549999999984,6623.584766666668,66393.69915,15178.708083333337,1985.7877166666665,237.41055000000003,202079.53141666672,78301.08410000001,50028.01838333335,19967.01881666667,7915.609883333332,48308.64305,97829.1658833333,12909.717083333335,-5597.800249999999,40651.56098333333,5675.25065,158826.34351666667,7129.9379333333345,7687.802983333335,160438.36130000002,,1251.8797499999998,2526.416233333334,34630.48508333333,6166.4686,23106.711683333335,32687.96428333333,21707.72283333333,16709.06306666667,3417.9619833333327,1612.8104833333334,1266.9674166666666,-1724.023149999999,49897.66225000001
2022-10-01T00:00:00.000Z,198046.1666666667,36306.799999999996,4413.466666666668,130986.25,29547.583333333336,87422.98333333334,4675.199999999999,82645.9,1350.0904333333337,23754.11866666667,265537.0846666667,84953.47288333334,57444.722783333345,11194.01151666667,47717.579133333325,45605.13158333334,40751.087966666666,13913.772866666663,42053.31708333334,15497.631899999997,112411.98441666666,36418.779566666664,7837.448916666666,9234.6587,10080.358766666668,13547.632633333335,6426.414616666669,2794.985266666667,16746.590383333332,34807.513183333336,6203.404750000001,73634.70915000001,51652.562233333345,35905.818383333324,33691.63389999999,1158867.9099333338,31584.458633333328,379.4828999999999,-5088.916666666667,69928.89786666667,114970.60466666668,214889.7454,6670.915100000002,13465.333633333335,41358.07606666668,69953.76196666667,1693.9240333333335,1269.7809166666664,454.51991666666675,7769.36015,73655.18994999999,16721.6686,2642.723116666666,197.13873333333333,224428.89436666662,88832.44794999997,57079.2379,22896.479966666666,8643.298200000001,51916.936449999994,94039.49241666666,16971.309300000004,-8675.528783333331,49003.974033333325,6399.094933333333,169692.95866666667,7137.730833333334,9863.50935,168640.63331666664,,1274.4004,2426.730433333334,37836.83325,9834.398683333337,24001.99586666667,33408.48323333333,22035.219083333333,18779.331483333328,3754.7802333333343,1944.2482166666668,1293.9196500000003,2105.3460833333324,42128.45188333332
2022-09-01T00:00:00.000Z,143407.56666666668,23886.58333333333,2727.033333333334,96566.98333333334,22203.85,61813.266666666656,4215.933333333333,58604.38333333333,979.3909000000001,21321.872633333332,216686.53561666666,75234.8996,49410.09726666667,8302.789933333333,38452.67576666666,37651.25308333334,37754.73796666666,10709.00915,44979.32255,16466.979733333334,112773.55040000001,39193.956216666666,8333.326866666665,9141.122783333334,10073.313083333336,14505.891666666665,6016.384483333332,3116.683033333334,17512.907633333336,34386.84001666667,4940.702216666668,71301.93454999999,52179.47134999999,35142.974966666676,32704.70573333333,981979.8440333334,33575.61756666666,389.38179999999994,-6316.173166666664,71585.35521666665,117628.27343333332,216101.31500000003,6649.340433333335,13272.774316666668,40309.976266666665,64238.75455,616.7264666666667,550.3074666666666,242.92305000000002,7449.087483333333,72771.3104,15498.884033333336,4661.26575,191.30235000000002,185809.14321666665,88279.52830000002,57230.003116666674,20764.50231666667,8399.68395,50560.75341666667,99326.89684999998,23327.655216666666,-9576.292599999999,51430.34623333334,13176.511800000002,130318.88138333334,6426.640316666665,11551.539683333334,200419.79708333337,,928.7578499999998,1391.5832,39529.97044999999,16901.862749999993,31272.417716666667,36578.84546666667,24502.888083333335,20225.1948,3987.4318000000003,1455.3090833333335,1367.9681333333333,-870.3896999999996,48769.928850000004
2022-08-01T00:00:00.000Z,34018.933333333334,5392.566666666667,997.5500000000001,2858.1499999999996,156.96666666666667,18906.800000000003,1225.45,17915.333333333336,805.8992999999998,18282.13535,163962.60351666663,42809.10053333334,35185.228266666665,3903.4112333333333,29691.014233333328,30594.18586666667,31715.363466666666,9365.553733333336,47091.3026,16967.466449999996,118601.07273333335,43650.08343333334,8447.453466666666,7659.461166666668,11010.153466666667,12590.56415,6022.56355,3071.3234666666667,17950.057966666667,35622.02826666667,2764.0050000000006,85568.05071666666,49814.91665,44205.76048333334,26373.415566666663,838656.7604500001,35943.74673333333,388.68663333333325,-8939.558183333333,69420.83408333332,106253.07310000002,207381.5162,6541.548733333335,16401.307583333328,28280.145166666665,49773.05268333333,1411.6766833333331,627.12085,733.9164000000002,7334.734333333332,76694.77894999999,16001.931,3796.5270666666665,226.99488333333338,144876.0850833333,85516.54873333334,57100.22765,22482.782150000003,9009.51285,51526.46220000001,37795.67423333333,16270.465033333334,-18793.49601666667,40947.19618333333,11776.3561,109546.38576666664,5648.2692,10192.223566666666,105894.148,,747.4735333333333,1086.2669499999997,40255.19716666667,10576.659450000001,30759.326549999998,38082.539266666674,25908.304500000002,9622.361599999998,1836.009283333334,671.6342166666667,862.67095,-9570.981,-13734.095166666666
2022-07-01T00:00:00.000Z,61387.7,8715.400000000001,1824.2,49435.616666666654,2496.3833333333337,42120.65,3035.933333333334,39902.06666666667,1154.9431999999997,28577.555649999995,229862.38590000005,70506.15618333333,51249.988833333344,6154.435483333333,45017.321783333326,47043.60206666667,48871.477699999996,14338.9244,44869.16006666666,17797.942416666665,118716.54455000004,41612.720649999996,8410.099816666667,7522.271933333332,10681.43195,12431.151983333337,5856.1596500000005,2890.490533333333,19244.303433333338,32841.14345000001,3151.481733333333,83681.85696666666,44506.69721666666,35227.98691666668,6834.756583333332,1065670.0798333331,17680.235116666663,370.0734333333333,-14583.921016666665,67237.03538333334,89071.51663333332,150113.28183333334,5399.676666666666,13103.78045,46838.790799999995,76865.11970000001,1003.9581166666666,744.6723333333333,927.1914666666665,7551.010666666669,75674.22274999999,15559.391883333332,994.8254,220.54575000000003,235851.67656666663,83008.46435,56384.458666666666,20145.05923333333,9158.834533333333,49713.11881666667,39869.702416666674,16136.691783333337,-16574.60166666667,34936.90263333333,11499.017583333332,118469.02746666665,5831.122266666666,9607.8329,104857.11058333334,6313.17195,1084.8642,1822.801,39563.82869999999,10319.702133333332,25343.05190000001,35702.515066666674,27530.513483333336,9133.189916666666,1701.0286000000006,665.9596833333334,834.2650833333333,-10955.4471,-9866.561666666666
2022-06-01T00:00:00.000Z,184065.65000000002,30383.91666666667,4118.65,133598.86666666667,23142.46666666666,94320.23333333334,8566.016666666668,89334.96666666667,1084.1018666666666,24152.683466666665,212364.60209999993,65909.93465,47532.052299999996,6264.043633333334,38396.581900000005,40165.28875000001,41505.0723,12043.932916666663,38452.942500000005,14839.493433333333,102377.37776666667,32669.80548333334,6721.290400000001,23228.801499999998,9113.62885,10575.779683333332,5973.247283333332,2872.6562833333332,17198.173133333334,26317.562599999997,4188.202566666667,70727.96978333332,40525.89738333333,30857.768366666663,6864.390200000001,967498.8212000002,13106.9617,333.89123333333333,-10343.054116666668,59152.36596666666,70567.35136666668,138740.24970000001,4165.335916666667,10286.052983333333,43854.944416666665,71423.32148333332,399.0225333333333,668.6546333333333,755.4654333333334,6952.160233333332,64079.17203333333,13631.796450000002,2168.9741166666668,104.95675000000003,202743.70513333334,71242.1753,51059.983833333325,16122.513133333328,7319.50115,44358.43821666667,77971.22950000002,16216.0336,13473.798850000003,36971.61081666666,11919.413983333334,114531.76941666665,5688.827400000001,10946.41106666667,194159.47706666673,9272.2751,1028.6718500000002,1445.4609666666663,33222.66086666667,10597.665683333333,26087.402216666665,31137.772233333337,24674.953400000006,9230.723033333332,2312.3707833333333,678.1154999999997,618.6112333333334,-6253.683733333333,33591.74014999999
2022-05-01T00:00:00.000Z,183976.0166666667,30458.81666666667,4351.733333333333,124385.68333333332,27258.38333333334,84187.15000000001,10340.466666666669,79555.83333333333,1196.3252833333336,24675.58836666667,237659.56881666672,73833.44640000002,49139.85128333333,7929.630650000001,41785.690766666674,40908.95393333333,42597.01778333333,13780.076966666666,37842.40821666666,13586.08958333333,108051.92804999999,33774.89011666668,7173.947283333333,21481.860283333335,9553.827750000002,11320.577349999998,6695.215800000001,2927.3733833333335,17023.702050000004,22871.234433333335,17142.78793333334,72312.80346666666,42138.18916666667,31237.4499,14519.336033333333,1061005.9079666666,14424.252516666666,384.1341666666668,-7004.6860166666675,59161.887899999994,81430.46731666666,169718.72066666666,4919.452133333334,13101.30595,39125.47254999999,71480.09254999999,894.3842000000001,1187.0387333333335,918.5896166666669,7076.052250000001,69226.80201666665,13826.60931666667,1405.4892499999999,225.68275,211631.75495,81330.60933333333,56290.64975,18410.86146666666,8057.769366666668,50880.71855000001,119565.40648333333,19420.699750000003,17157.617099999996,43378.83675,11483.059666666666,151472.45350000003,6163.575066666666,12744.149050000002,260795.07158333337,10194.2395,1128.27825,1492.1048833333336,33972.046033333325,13278.720733333335,30682.990400000002,29963.268466666665,25105.392016666672,11797.913150000002,2827.750616666667,1073.6182666666666,659.2169500000001,179.0233166666662,68844.34726666665
2022-04-01T00:00:00.000Z,167204.25000000003,26832.566666666666,3970.3,96037.4,20065.13333333334,76172.76666666665,9769.100000000002,71918.15,1102.6648833333331,19234.240149999998,199128.16198333332,56366.08609999999,42819.09255,7567.588899999999,38250.57423333333,36105.90458333334,33378.905949999986,11992.529799999998,32897.625433333335,12392.752933333331,99796.02175,28261.86323333333,6728.242133333334,20200.234366666664,8989.291750000002,9154.354383333333,5420.51545,2519.265366666666,14189.04445,21246.9159,13519.141866666669,71182.789,37629.1716,27355.707649999993,13873.061350000002,894479.1916499997,19110.408999999996,353.5197999999999,-11719.736583333333,54698.905349999986,70435.83366666666,135555.9271666667,5879.335716666667,12399.570483333333,30704.70613333333,59806.56956666666,546.20995,1084.3727,1135.0134166666667,5997.347383333334,64736.019583333335,13437.559150000001,227.5722166666667,184.2855166666667,189413.16850000003,67249.23021666666,45294.49126666667,16042.181766666668,9030.798483333334,47368.27038333332,98006.3431,16409.333866666668,14869.723966666666,31501.090233333336,9642.191200000001,122873.77951666669,5475.376033333334,9470.029900000001,210360.90610000002,9367.38498333333,1035.7819,1610.7835833333334,30093.845183333335,10934.413233333331,22035.065916666666,23867.474066666666,21625.5662,12168.2182,2726.208483333334,1106.05795,686.7581833333332,-5237.966566666668,50638.389616666675
2022-03-01T00:00:00.000Z,168803.65000000002,28696.4,4383.45,104450.83333333333,25322.31666666666,73001.79999999999,10949.900000000001,68934.15000000002,548.3217333333332,-543.3328499999969,103130.76066666665,28588.10151666667,22672.19036666667,4617.454466666666,6421.698000000005,24321.264433333334,26685.775016666674,13261.245733333333,31853.53675,11380.095816666666,102842.36581666664,29203.03583333333,7037.825849999998,21751.43616666667,10435.950216666664,8728.169100000001,7063.454616666667,2519.2050333333336,13454.931233333333,20746.033400000004,5664.825966666666,67261.19128333333,34922.46996666667,28685.261649999997,17763.723016666667,459388.01756666665,19921.045716666667,383.89031666666665,1388.1634000000004,51669.4249,60007.85376666666,105406.28438333333,4619.201283333334,10171.178783333335,13318.283066666665,29059.296983333337,499.65413333333345,1154.1523833333335,1213.9772999999998,6076.497349999999,67161.62490000002,13879.389783333338,1375.5412666666666,207.5531,106681.43578333333,72951.71266666667,50500.00278333334,15965.862716666667,11034.099816666667,51727.69559999999,120889.66845,17577.431333333334,15920.013016666668,32908.40151666667,9912.23095,72192.87509999999,5842.31785,10908.117583333333,237888.5938166667,10279.764500000001,1235.950033333333,812.3035833333332,18217.796983333334,11783.448416666666,22059.116949999996,20866.355366666667,21974.401850000002,12766.26465,3040.3677500000003,1263.2840333333334,777.8756500000003,-2234.3961833333333,69256.97836666668
2022-02-01T00:00:00.000Z,106606.68333333335,18443.916666666664,3749.433333333333,44007.21666666667,9896.316666666666,51194.23333333333,9749.4,48081.95000000001,-1163.4457499999999,-33506.31838333334,-111158.27733333333,-24795.272850000005,-29036.216050000006,-5494.494833333332,-67354.66136666667,0,15646.682216666666,9490.173066666666,19496.24781666667,6848.704983333332,65784.45471666666,18184.01575,4691.524566666666,16131.57285,9738.880133333334,5402.51205,4985.7957,1721.5882333333336,9141.83025,13631.32745,3568.3659000000016,50431.06375,20631.662266666666,15067.178200000002,12404.928633333335,-525422.57275,11974.193783333336,290.8452833333333,8462.410750000003,33429.32123333333,36005.102016666664,58673.922416666675,2850.870583333333,6478.8813500000015,-14654.306583333333,-37639.25686666666,344.72918333333337,675.6572333333334,917.1821166666667,4109.089616666666,42347.765483333336,8907.371016666668,2494.92735,155.78746666666666,-81225.89355,44604.39796666668,32139.21703333333,8405.639083333332,8868.053133333335,39029.29271666666,56780.18896666666,10478.972800000001,7834.449283333333,14334.041699999998,5921.743733333333,-69820.95048333335,4654.471100000001,4929.03485,115453.04823333333,6069.3611500000015,1063.43445,-1672.01965,-4109.0518833333335,5880.845733333334,9520.792716666665,10628.101066666668,14531.741050000002,6925.518749999997,2085.6516833333335,650.3917166666666,468.68313333333344,430.4695166666664,17658.144533333332
2022-01-01T00:00:00.000Z,127621.36666666668,21389.233333333334,4097.866666666666,82435.98333333332,18759.15,61569.68333333332,7275.616666666666,57915.483333333344,576.9742666666666,22372.364816666675,77549.7284,19678.076183333327,20670.97661666667,3228.0829666666673,41158.48989999997,0,22256.51655,11548.462183333335,27421.69138333334,8084.1064,81735.48213333334,21039.59495,6023.1019,18783.990333333335,11322.462800000001,7779.270233333333,5863.623583333333,2087.2450833333332,10675.439633333333,1398.6721000000002,1024.1146999999999,5528.622133333332,2447.99675,1237.2715333333335,2659.1145833333335,374944.93935000006,1654.1279000000004,31.75028333333334,5597.137466666665,42438.28064999999,49280.4293,89423.45044999999,3540.776749999999,8424.275333333333,9773.090866666667,20676.41985,332.74951666666664,763.2070500000001,1319.3624166666664,5257.13385,53126.67406666667,11165.805049999997,769.9852666666666,155.14173333333335,85702.62216666671,53807.97833333333,37966.85788333333,11011.358999999999,8605.095066666667,46164.537466666676,83497.37670000002,14369.581033333332,10530.751149999998,21106.50043333334,7359.502566666665,77722.87254999999,5936.821500000001,7557.017033333335,165150.42559999996,7607.672333333335,1197.6286833333334,796.1262333333337,-5259.424799999999,8434.179583333333,13555.658933333329,18749.573316666672,17449.72898333333,9317.112,2628.613200000001,897.6962166666668,575.1578000000002,1004.9532499999999,37333.096933333334
2021-12-01T00:00:00.000Z,151791.96666666665,26220.90000000001,4422.083333333333,102210.96666666666,22353.416666666664,67042.61666666665,3878.8166666666666,63138.71666666667,1477.8945666666664,53427.49608333334,185213.206,51807.15334999999,49384.29179999999,10054.355883333334,99498.54611666668,0,26808.925450000002,13086.701316666666,32454.361449999997,10386.738800000001,94906.78863333333,25154.04853333334,6919.379683333334,21597.26993333333,12753.842583333333,10137.831933333333,6538.0038,2649.5665999999997,12687.315933333331,,,,,,,953713.0691000001,,,6688.899433333333,56628.523033333324,58126.29708333333,97856.45315,3998.164000000001,7947.14425,24262.18253333333,57291.25878333333,725.096833333333,823.3073666666666,1771.9110666666668,6087.161050000001,62462.424600000006,13349.27405,1606.0185833333328,218.38716666666667,180943.16591666665,66996.59581666667,43925.4511,15891.84778333333,9842.929366666667,51351.007399999995,107134.23141666669,19877.653466666667,13950.53851666667,27454.085500000005,8741.320666666665,223604.86071666665,7191.670866666666,10058.315899999998,212865.84393333332,9617.634066666667,1341.889366666667,2399.4351,-6087.220283333333,12699.026650000002,17414.61365,22611.985866666673,19098.26226666667,12804.688316666668,3653.528666666666,1190.6355333333336,786.6755333333334,,55779.11971666666
2021-11-01T00:00:00.000Z,174965.85,31359.36666666667,4186.849999999999,119742.83333333334,24092.450000000004,80338.40000000002,12850.316666666666,75888.11666666668,1428.8232999999998,55018.77296666666,213500.68515,68534.57836666665,55713.163466666665,10723.533866666668,112840.70751666668,0,29348.977066666663,12441.791266666663,34233.83148333333,11759.797900000003,94796.00093333331,28311.73433333333,7149.794633333335,20794.589,11993.970366666668,9788.865166666666,6581.833566666666,2625.2459833333337,13247.178099999997,13043.245699999998,20201.54418333333,38978.76941666667,23051.504449999997,18976.504716666666,30560.93661666667,696398.1531833332,16179.443983333333,216.05598333333336,6788.101883333333,55988.95530000001,60901.292233333326,119867.96989999997,5019.430383333332,10372.829299999998,30259.50245,57771.06891666666,1329.1695166666668,772.1859833333333,1025.3393333333333,6359.130566666667,61632.41456666668,13795.366083333336,2353.082366666666,214.34871666666666,187492.88063333338,70377.9495,46633.736699999994,16854.741349999997,8798.77145,48181.379533333326,109748.92495000002,23353.747649999998,15987.781783333328,32191.69326666667,9608.904299999998,232211.00791666665,6688.573516666666,11691.25221666667,230240.59041666664,10340.6331,1162.5982500000002,2285.2270833333337,-6359.494083333333,16669.10031666667,20502.607299999996,25394.007700000002,19396.202883333335,14349.880733333335,4053.7393666666667,1431.862,963.9486166666668,14383.389933333336,61584.85925
2021-10-01T00:00:00.000Z,187886.15000000002,32605.083333333332,4315.0166666666655,124262.78333333335,25046.983333333334,94285.05,7234.349999999999,89184.08333333333,1440.2145833333332,63350.27099999999,237035.08348333332,80474.2173,64222.37826666667,9725.96485,134704.61100000003,0,37975.5061,12556.457233333334,36708.503766666676,15137.927549999997,104968.02706666666,33882.56621666666,7715.862000000001,20992.806300000007,12414.059733333333,12189.868416666666,6297.218233333334,3039.4892999999993,16255.898700000002,23692.941966666665,34462.47748333333,70109.45806666669,44829.162200000006,26780.283716666665,51906.108983333324,1179664.4238166665,27699.13235,346.6018833333334,6620.266983333335,63922.68504999999,76654.53734999997,155891.38559999998,5606.1421666666665,12436.525299999996,39258.25503333333,66802.39531666666,1960.8346500000007,734.9635500000002,1106.0359666666666,8415.424233333333,67839.26573333332,14395.852433333337,3180.798383333333,129.28571666666664,213331.1152166667,85596.21888333332,56941.48403333332,22141.85663333334,8665.220566666667,46835.976216666684,115481.73881666665,22397.243599999994,18297.300300000006,43548.23566666667,11865.982849999997,256515.131,5530.615733333334,13892.952616666666,256478.7987833333,11739.697099999998,,1729.9306166666665,-8415.187683333335,15761.862649999997,29638.579016666667,28045.613066666665,22729.379433333335,13683.181749999998,3396.2357,1366.8131,835.3312833333333,24206.90698333334,68659.26145000002
2021-09-01T00:00:00.000Z,136205.64999999997,21806.100000000006,3995.2833333333324,11706.15,1306.25,95223.91666666666,6271.133333333332,90111.56666666667,1460.9508166666665,72773.11851666667,238237.12416666668,74324.52993333332,63283.94106666666,7494.910999999999,86887.06485000001,21482.037600000003,45087.16528333333,13861.093883333333,40032.03718333334,16423.66775,113422.84213333331,41640.71093333333,8981.433016666668,21691.27633333333,13639.947166666665,11870.180166666667,6520.060933333332,4487.3387999999995,20058.948350000002,24068.983983333343,29714.904449999998,77794.50275,49180.71174999999,34199.95151666667,55135.6266,1240307.6340833334,31469.565849999995,374.85135000000014,9849.287600000001,69254.6387,69248.52523333332,139418.8619,3916.8480333333337,9914.510666666667,49831.898850000005,76239.88543333331,1793.4096999999995,720.4932999999999,1314.7965,7209.166416666666,73754.66826666665,15220.495716666668,2236.9540333333334,87.9716833333333,234747.60418333331,91116.41830000002,63930.871966666666,20393.590683333336,5940.888766666667,48297.86945,69089.44458333333,20867.947750000003,5123.1425,36266.10633333333,11959.841249999998,276157.38033333333,7050.003766666666,10650.845266666664,186637.48285,9965.506283333336,,1936.554583333333,13519.359000000002,13889.569566666667,25715.642633333326,32904.737733333335,24686.560516666665,8851.944733333332,1975.3336666666667,757.6373166666666,497.06488333333334,23863.411966666667,20917.31165
2021-08-01T00:00:00.000Z,109073.91666666666,17642.733333333337,3903.5999999999995,,,87771.04999999999,6607.866666666666,82880.53333333333,1516.2883666666667,77351.94758333334,228446.1501166667,66457.02696666666,59292.50055000001,4939.426133333332,46277.35168333333,47340.20458333333,47819.883249999984,14855.962733333337,39377.154483333325,16843.727166666664,115927.83234999998,43899.80231666665,9346.803199999998,22481.33518333332,14041.614716666665,12700.448416666666,7142.0545666666685,14022.240866666667,18292.733350000002,29771.84176666667,26315.96855,80885.92886666667,46786.2337,35207.345833333326,56466.16246666667,1219293.4727833334,31729.63085,469.61675,9416.885433333333,66625.71808333334,93616.51671666667,165243.1955666667,5133.902233333331,13265.453566666667,47370.4831,74353.11700000001,2174.8444499999996,750.0334666666665,979.8371833333333,7763.337433333332,76060.78006666666,15297.422366666666,1109.4221166666666,151.54809999999998,237600.84353333333,85712.53085,60638.28978333334,20911.982566666662,,8543.29175,10094.098166666667,4174.344483333332,3462.903116666667,5097.091583333333,2697.4702166666666,273448.30855,1091.7520666666667,1634.7635333333333,42715.2179,2540.2019333333333,,2421.7065000000002,39577.662099999994,2800.7106499999995,2984.7325666666666,34515.00031666667,24569.423633333336,7742.932849999999,1740.0897,635.7441166666669,389.9615999999999,24736.684416666667,917.0108666666667
2021-07-01T00:00:00.000Z,119877.75000000001,17823.700000000004,3742.7333333333336,79241.95000000001,4668.25,91543.03333333337,8145.599999999999,86426.01666666666,1367.9134333333334,73706.54538333333,211873.10584999996,65542.31806666666,60427.39576666667,3937.1814999999997,46915.60324999999,47120.64595,45851.78570000001,13786.242683333332,42420.11096666666,16328.053466666666,109309.59911666666,41052.9863,9077.9778,21086.156033333333,12772.419016666667,10025.184816666666,6759.085883333333,14317.403100000003,17732.88313333333,29530.751966666667,30953.124366666663,78003.50441666666,43944.327999999994,32131.060466666662,53889.66358333332,1170068.3858166665,30921.250666666663,438.67155,11184.703183333337,63572.12791666668,86685.74288333333,151433.34761666672,5484.567716666666,11017.16705,51051.73326666667,64431.22291666665,1741.7723500000002,701.08835,940.6065166666667,7658.779766666666,71843.24116666666,14711.893316666665,52.96651666666667,187.7097166666667,229172.17860000004,50301.01128333333,54961.04393333334,21726.135766666666,,,,,,,,266660.06615,,,,,,2289.0721333333327,39461.875333333344,,,37904.58843333334,22756.967983333336,7479.498850000001,1808.70365,579.9042000000001,486.58388333333323,22968.59101666666,
2021-06-01T00:00:00.000Z,144998.04999999996,16976.63333333333,3582.466666666667,109624.23333333331,22974.949999999997,83787.61666666665,10265.083333333328,79013.91666666667,802.7974000000003,45785.95321666666,148017.7333833333,44011.051600000006,39152.94698333334,2353.2451499999997,26337.292599999997,27159.402300000005,28619.123933333336,8133.682583333334,28632.677633333333,9278.561566666665,63208.45446666667,22917.22723333333,5440.764666666666,13244.345333333333,7411.6736999999985,6327.708,4011.1748833333327,8662.938866666665,10552.200800000002,18319.71053333333,18295.50013333333,42417.29454999999,28547.411849999997,15989.976199999997,33941.78206666667,729215.9859000001,18293.149166666666,266.0942666666666,4548.243949999999,39343.4805,49567.60676666666,112011.07105,3656.6316833333335,5698.7386,33479.037599999996,32334.00146666666,762.7058000000001,443.8616000000001,460.5160333333332,4957.769783333333,41990.9187,8969.238749999999,72.97911666666667,123.86341666666667,136145.74348333332,31589.433966666667,34848.54233333333,12248.927599999999,,,,,,,,157541.17530000003,,,,,,1181.7785666666668,22373.94145,,,25875.263,12247.015600000002,5488.662933333334,1612.6043833333333,407.4486833333333,370.0772666666667,15648.7878,
2021-05-01T00:00:00.000Z,89823.38333333333,12239.550000000001,1756.5666666666664,143993.55,40176.58333333333,98007.73333333332,11273.616666666667,92679.91666666669,1283.07485,71455.24988333335,228506.80571666668,74269.18706666667,61847.73460000001,6892.36925,44775.898550000005,45957.30545000001,46366.00753333335,12740.724966666667,42249.19000000001,16106.839800000002,103176.18063333334,37750.989833333326,7878.718933333332,19440.638199999998,11196.48705,9872.99955,5981.639266666668,12935.214399999997,16882.898933333337,27233.598833333337,28775.401,68512.96993333334,44362.29481666667,24324.865883333332,49552.52283333332,1160361.1480166668,25800.806900000003,396.2098333333334,9840.616550000002,62463.029883333336,72884.43875,158773.4415833333,5989.560716666667,7989.23085,46416.99313333334,58802.13963333334,1256.7992499999998,728.5700499999999,1106.827333333333,7924.215366666667,66113.38425,12452.761433333335,52.62316666666666,163.44548333333336,219631.69300000003,45990.21173333333,51133.33818333334,17131.898750000004,,,,,,,,246797.53216666664,,,,,,2190.9537166666664,38034.69808333334,,,38204.560850000016,23982.825116666667,11250.6621,2897.331383333333,790.2192166666666,670.5891166666665,23751.80776666666,
2021-04-01T00:00:00.000Z,167144.33333333334,26963.583333333332,3580.9666666666667,114464.93333333333,27330.983333333337,76023.16666666664,9644.06666666667,71607.71666666666,1081.7760833333334,52521.351366666655,169680.62623333334,47964.81286666666,45142.92588333334,6958.839216666667,28650.85191666667,30416.498649999998,30474.198149999997,11539.912983333332,31021.31246666667,10535.964016666667,82407.89488333333,27252.2773,6080.694200000001,16359.055833333332,10145.22485,8348.762466666667,5407.591283333335,11371.449333333334,11475.841450000002,20486.588583333338,27181.833716666668,51894.79271666666,31263.443783333336,19380.162766666668,39727.93863333334,847716.1043666666,19233.05495,359.84284999999994,9194.0291,44444.994416666676,58007.24303333334,115135.75458333334,4611.0222,6960.27055,21319.15965,50227.459,706.6646666666666,694.3175333333331,627.9039,5084.0244,53844.75050000001,11128.1664,1527.9638166666666,152.4697333333333,167021.2393,32619.270766666665,36794.201550000005,12859.758499999998,5943.1771499999995,,,,,,,182573.73206666665,,,,,,1983.4483999999998,25332.38835,,,24248.293616666666,17437.872300000003,9084.8336,2265.177483333333,778.7596833333334,590.6217166666667,20494.830883333332,
2021-03-01T00:00:00.000Z,163356.3333333333,27723.68333333334,3842.3666666666663,110914.06666666667,25707.46666666666,69233.36666666668,7899.933333333333,65213.80000000001,1450.8813166666669,64987.601266666665,211522.78676666672,64551.95319999999,52519.23391666666,11786.897583333335,35647.42156666666,37413.90223333334,35349.31296666667,15342.92515,36740.91078333333,12246.961100000004,104292.45315,32898.574883333335,7734.508250000001,21009.704416666667,11616.7468,10836.658000000003,6922.20855,14554.669716666665,13683.5432,24948.67433333333,28623.498733333327,66285.71876666666,34924.249933333325,22336.25791666667,50010.14871666668,1041962.1611166665,24268.153533333334,464.70551666666665,12734.662650000002,51208.68943333333,70245.56968333335,139454.69353333334,5499.993416666666,8037.680466666667,23504.33269999999,62677.55373333334,549.1287999999998,828.6040666666667,627.0377833333332,6225.26295,69604.07599999999,15317.720133333332,352.9597166666667,207.7096333333333,204134.23088333337,39531.14268333332,46690.114983333326,13581.595283333336,10563.549766666667,,,,,,,215420.4508500001,,,,,,2857.434916666667,31177.742866666664,,,26179.260699999995,19373.859816666667,11944.829999999998,2893.9002166666664,1121.4460166666665,634.4426,12411.420416666666,
2021-02-01T00:00:00.000Z,96192.78333333333,18730.716666666664,2897.916666666667,69735.11666666667,8958.916666666668,51237.100000000006,2090.85,48222.75,1064.10435,37138.88916666666,116668.69136666668,26651.325783333334,29243.297366666666,5563.203916666666,21559.304766666664,22128.83181666667,18764.941333333332,9965.45295,22849.304050000002,7661.812766666665,70129.42235000001,19107.336583333337,5316.226283333333,14750.602700000001,7789.741866666666,5894.273433333333,5210.968933333334,10523.904033333336,9212.298983333332,14827.969366666668,23265.03891666667,51872.71313333333,22358.490116666668,12139.337933333332,34271.39656666667,621065.0978666665,16741.83195,345.50213333333323,10819.002849999999,33693.93566666667,50670.048250000014,89270.64305000001,5363.915733333332,6230.954066666665,13698.76601666667,39068.650916666666,420.53336666666667,642.6516333333333,462.27013333333326,3934.2123166666665,46552.34981666667,10446.154533333332,141.11839999999998,146.43725,130399.18416666667,26149.507716666667,30901.389516666663,8853.516383333332,8711.729766666667,,,,,,,145183.13923333332,,,,,,2279.570416666667,18197.31116666667,,,14137.793900000002,13132.783783333332,5863.859066666668,1570.5157333333336,535.9018999999998,384.58256666666676,,
2021-01-01T00:00:00.000Z,129105.23333333334,24250.533333333333,3919.4499999999994,88206.84999999999,15832.783333333336,57555.43333333334,2638.1833333333334,54214.86666666668,1487.4243666666664,45832.925666666655,144632.4087166667,31200.709549999996,43090.81823333334,6508.5342,26479.04561666666,29029.150266666664,21581.327483333327,13031.618316666669,29937.37239999999,9747.134233333332,87344.63313333331,23633.015349999998,6806.665666666666,18755.388700000003,10009.127416666666,8082.461,6640.360600000002,13642.461566666667,10818.110383333335,18545.703633333334,21966.005516666664,60456.34533333334,29587.767416666662,15860.130733333332,42093.627499999995,780027.2913666668,19182.345216666665,458.84206666666665,8737.386849999999,43529.36301666667,63552.185,111716.64000000001,5898.66095,7312.346933333333,17221.840233333325,49697.60324999999,510.1455833333334,835.2563666666666,413.85936666666674,5156.05395,57436.32391666666,12208.4764,52.74755000000001,199.19651666666667,164328.49930000002,31909.089799999998,36850.90836666666,11870.664566666666,10456.3391,,,,,,,179530.44211666664,,,,,,3047.1102333333333,23877.45813333334,,,19477.517850000004,17701.633433333333,7806.933616666667,2063.2477666666664,850.9759166666668,482.67715000000004,,
2020-12-01T00:00:00.000Z,35846.049999999996,6362.933333333333,910.2333333333335,25467.966666666667,5550.75,13918.85,700.3499999999999,13109.316666666666,1522.8031833333332,56118.55340000002,209410.86935000002,62160.2759,52211.347799999996,10739.327416666669,33930.430283333335,32569.496499999994,29499.726666666666,13499.000850000002,29429.78383333333,8870.845116666665,91574.85021666667,25919.281866666664,6360.429333333333,17772.096833333337,9950.638583333332,9601.397533333333,7185.47905,11759.6632,11310.250583333333,19874.77445,19777.34748333333,61822.31588333334,38326.57603333334,19334.730233333332,41905.80244999999,817790.1453833334,20017.129366666668,427.6065666666667,1306.0988,48873.48221666666,74493.88583333335,148222.12195,5709.763983333333,10308.339999999998,22225.373016666665,56997.785950000005,672.9629833333332,858.3942833333332,368.56675,5597.603483333333,59501.46866666667,11341.443500000001,899.5440166666668,208.55424999999994,177323.5869666667,33837.975150000006,39092.39041666666,12037.733083333334,6927.933866666665,,,,,,,195873.91306666663,,,,,,3351.3219833333333,5814.32545,,,14014.492116666665,10918.05645,5578.910300000001,1483.1087833333333,624.51045,316.6709166666667,,
2020-11-01T00:00:00.000Z,,,,,,,,,-341.9784666666667,40646.52136666666,201430.88736666666,46595.15331666667,37522.975566666675,7439.1964499999995,26819.426549999996,23551.562016666667,23411.511833333338,8730.506250000002,0,0,11788.742633333333,3513.5477,208.89218333333332,1252.20445,0.12265000000000001,1241.3403,910.8102833333335,2481.257183333333,1724.17815,2717.1096,1466.6980166666667,7370.6698,5735.94165,2378.5524166666664,105063.2316,353197.6973333333,868.9093333333333,0.05273333333333334,-84.95593333333328,3504.587316666666,8995.741016666667,21759.26875,662.8000333333334,1477.2413,19495.2035,42481.08778333333,123.21159999999998,110.95675,61.15691666666667,843.97615,7708.757500000001,259.26885,6.951066666666667,20.94316666666667,126589.37469999996,5114.456083333333,5526.345166666666,2225.8187166666667,511.06388333333337,,,,,,,138660.63330000002,,,,,,2050.0877166666664,,,,,,,,,,,